<?xml version="1.0" encoding="UTF-8"?>
<root>
  <item name="com.buxuan.baseoneui.sesl.appbar.SamsungCollapsingToolbarLayout.LayoutParams int getCollapseMode()">
    <annotation name="androidx.annotation.IntDef">
      <val name="value" val="{com.buxuan.baseoneui.sesl.appbar.SamsungCollapsingToolbarLayout.LayoutParams.COLLAPSE_MODE_OFF, com.buxuan.baseoneui.sesl.appbar.SamsungCollapsingToolbarLayout.LayoutParams.COLLAPSE_MODE_PIN, com.buxuan.baseoneui.sesl.appbar.SamsungCollapsingToolbarLayout.LayoutParams.COLLAPSE_MODE_PARALLAX}" />
    </annotation>
  </item>
  <item name="com.buxuan.baseoneui.sesl.appbar.SamsungCollapsingToolbarLayout.LayoutParams void setCollapseMode(int) 0">
    <annotation name="androidx.annotation.IntDef">
      <val name="value" val="{com.buxuan.baseoneui.sesl.appbar.SamsungCollapsingToolbarLayout.LayoutParams.COLLAPSE_MODE_OFF, com.buxuan.baseoneui.sesl.appbar.SamsungCollapsingToolbarLayout.LayoutParams.COLLAPSE_MODE_PIN, com.buxuan.baseoneui.sesl.appbar.SamsungCollapsingToolbarLayout.LayoutParams.COLLAPSE_MODE_PARALLAX}" />
    </annotation>
  </item>
</root>

